{
  "qa_large_dev.json": {
    "path": "data/qa_large_dev.json",
    "n_samples": 3400,
    "format": "qa",
    "doc": {
      "name": "doc (context/text)",
      "min": 20,
      "max": 4096,
      "mean": 767.8279411764706,
      "std": 1136.360796364169,
      "p25": 144,
      "p50": 261,
      "p75": 792,
      "p90": 2506,
      "p95": 4096,
      "p99": 4096,
      "truncated": 253,
      "truncated_pct": 7.4411764705882355
    },
    "question": {
      "name": "question",
      "min": 2,
      "max": 55,
      "mean": 11.820294117647059,
      "std": 5.697502025033384,
      "p25": 8,
      "p50": 11,
      "p75": 15,
      "p90": 19,
      "p95": 23,
      "p99": 31,
      "truncated": 0,
      "truncated_pct": 0.0
    },
    "answer": {
      "name": "answer",
      "min": 2,
      "max": 73,
      "mean": 5.545588235294118,
      "std": 4.791749460194404,
      "p25": 3,
      "p50": 4,
      "p75": 6,
      "p90": 10,
      "p95": 13,
      "p99": 26,
      "truncated": 0,
      "truncated_pct": 0.0
    },
    "total": {
      "name": "total (doc+q+a)",
      "min": 35,
      "max": 4177,
      "mean": 785.1938235294118,
      "std": 1136.9069364456889,
      "p25": 162,
      "p50": 283,
      "p75": 803,
      "p90": 2522,
      "p95": 4111,
      "p99": 4119,
      "truncated": 0,
      "truncated_pct": 0.0
    }
  },
  "qa_large_train.json": {
    "path": "data/qa_large_train.json",
    "n_samples": 1014901,
    "format": "qa",
    "doc": {
      "name": "doc (context/text)",
      "min": 19,
      "max": 4096,
      "mean": 1180.0767582256792,
      "std": 1426.7820612102878,
      "p25": 185,
      "p50": 377,
      "p75": 1541,
      "p90": 4096,
      "p95": 4096,
      "p99": 4096,
      "truncated": 153318,
      "truncated_pct": 15.106695135781717
    },
    "question": {
      "name": "question",
      "min": 1,
      "max": 249,
      "mean": 13.24563775185954,
      "std": 8.151555041398684,
      "p25": 8,
      "p50": 11,
      "p75": 16,
      "p90": 22,
      "p95": 27,
      "p99": 44,
      "truncated": 0,
      "truncated_pct": 0.0
    },
    "answer": {
      "name": "answer",
      "min": 2,
      "max": 440,
      "mean": 5.612377956076504,
      "std": 5.241912048184445,
      "p25": 3,
      "p50": 4,
      "p75": 6,
      "p90": 10,
      "p95": 13,
      "p99": 27,
      "truncated": 0,
      "truncated_pct": 0.0
    },
    "total": {
      "name": "total (doc+q+a)",
      "min": 27,
      "max": 4391,
      "mean": 1198.9347739336151,
      "std": 1428.1299664743221,
      "p25": 204,
      "p50": 391,
      "p75": 1566,
      "p90": 4112,
      "p95": 4117,
      "p99": 4132,
      "truncated": 0,
      "truncated_pct": 0.0
    }
  }
}